"PLZ";"Abholdatum"
8001;"Fr, 3. Januar 2014"
8001;"Di, 7. Januar 2014"
8001;"Fr, 10. Januar 2014"
8001;"Di, 14. Januar 2014"
8001;"Fr, 17. Januar 2014"
8001;"Di, 21. Januar 2014"
8001;"Fr, 24. Januar 2014"
8001;"Di, 28. Januar 2014"
8001;"Fr, 31. Januar 2014"
8001;"Di, 4. Februar 2014"
8001;"Fr, 7. Februar 2014"
8001;"Di, 11. Februar 2014"
8001;"Fr, 14. Februar 2014"
8001;"Di, 18. Februar 2014"
8001;"Fr, 21. Februar 2014"
8001;"Di, 25. Februar 2014"
8001;"Fr, 28. Februar 2014"
8001;"Di, 4. März 2014"
8001;"Fr, 7. März 2014"
8001;"Di, 11. März 2014"
8001;"Fr, 14. März 2014"
8001;"Di, 18. März 2014"
8001;"Fr, 21. März 2014"
8001;"Di, 25. März 2014"
8001;"Fr, 28. März 2014"
8001;"Di, 1. April 2014"
8001;"Fr, 4. April 2014"
8001;"Di, 8. April 2014"
8001;"Fr, 11. April 2014"
8001;"Di, 15. April 2014"
8001;"Di, 22. April 2014"
8001;"Fr, 25. April 2014"
8001;"Di, 29. April 2014"
8001;"Fr, 2. Mai 2014"
8001;"Di, 6. Mai 2014"
8001;"Fr, 9. Mai 2014"
8001;"Di, 13. Mai 2014"
8001;"Fr, 16. Mai 2014"
8001;"Di, 20. Mai 2014"
8001;"Fr, 23. Mai 2014"
8001;"Di, 27. Mai 2014"
8001;"Fr, 30. Mai 2014"
8001;"Di, 3. Juni 2014"
8001;"Fr, 6. Juni 2014"
8001;"Di, 10. Juni 2014"
8001;"Fr, 13. Juni 2014"
8001;"Di, 17. Juni 2014"
8001;"Fr, 20. Juni 2014"
8001;"Di, 24. Juni 2014"
8001;"Fr, 27. Juni 2014"
8001;"Di, 1. Juli 2014"
8001;"Fr, 4. Juli 2014"
8001;"Di, 8. Juli 2014"
8001;"Fr, 11. Juli 2014"
8001;"Di, 15. Juli 2014"
8001;"Fr, 18. Juli 2014"
8001;"Di, 22. Juli 2014"
8001;"Fr, 25. Juli 2014"
8001;"Di, 29. Juli 2014"
8001;"Sa, 2. August 2014"
8001;"Di, 5. August 2014"
8001;"Fr, 8. August 2014"
8001;"Di, 12. August 2014"
8001;"Fr, 15. August 2014"
8001;"Di, 19. August 2014"
8001;"Fr, 22. August 2014"
8001;"Di, 26. August 2014"
8001;"Fr, 29. August 2014"
8001;"Di, 2. September 2014"
8001;"Fr, 5. September 2014"
8001;"Di, 9. September 2014"
8001;"Fr, 12. September 2014"
8001;"Di, 16. September 2014"
8001;"Fr, 19. September 2014"
8001;"Di, 23. September 2014"
8001;"Fr, 26. September 2014"
8001;"Di, 30. September 2014"
8001;"Fr, 3. Oktober 2014"
8001;"Di, 7. Oktober 2014"
8001;"Fr, 10. Oktober 2014"
8001;"Di, 14. Oktober 2014"
8001;"Fr, 17. Oktober 2014"
8001;"Di, 21. Oktober 2014"
8001;"Fr, 24. Oktober 2014"
8001;"Di, 28. Oktober 2014"
8001;"Fr, 31. Oktober 2014"
8001;"Di, 4. November 2014"
8001;"Fr, 7. November 2014"
8001;"Di, 11. November 2014"
8001;"Fr, 14. November 2014"
8001;"Di, 18. November 2014"
8001;"Fr, 21. November 2014"
8001;"Di, 25. November 2014"
8001;"Fr, 28. November 2014"
8001;"Di, 2. Dezember 2014"
8001;"Fr, 5. Dezember 2014"
8001;"Di, 9. Dezember 2014"
8001;"Fr, 12. Dezember 2014"
8001;"Di, 16. Dezember 2014"
8001;"Fr, 19. Dezember 2014"
8001;"Di, 23. Dezember 2014"
8001;"Di, 30. Dezember 2014"
8002;"Mo, 6. Januar 2014"
8002;"Mo, 13. Januar 2014"
8002;"Mo, 20. Januar 2014"
8002;"Mo, 27. Januar 2014"
8002;"Mo, 3. Februar 2014"
8002;"Mo, 10. Februar 2014"
8002;"Mo, 17. Februar 2014"
8002;"Mo, 24. Februar 2014"
8002;"Mo, 3. März 2014"
8002;"Mo, 10. März 2014"
8002;"Mo, 17. März 2014"
8002;"Mo, 24. März 2014"
8002;"Mo, 31. März 2014"
8002;"Mo, 7. April 2014"
8002;"Mo, 14. April 2014"
8002;"Sa, 19. April 2014"
8002;"Mo, 28. April 2014"
8002;"Mo, 5. Mai 2014"
8002;"Mo, 12. Mai 2014"
8002;"Mo, 19. Mai 2014"
8002;"Mo, 26. Mai 2014"
8002;"Mo, 2. Juni 2014"
8002;"Sa, 7. Juni 2014"
8002;"Mo, 16. Juni 2014"
8002;"Mo, 23. Juni 2014"
8002;"Mo, 30. Juni 2014"
8002;"Mo, 7. Juli 2014"
8002;"Mo, 14. Juli 2014"
8002;"Mo, 21. Juli 2014"
8002;"Mo, 28. Juli 2014"
8002;"Mo, 4. August 2014"
8002;"Mo, 11. August 2014"
8002;"Mo, 18. August 2014"
8002;"Mo, 25. August 2014"
8002;"Mo, 1. September 2014"
8002;"Mo, 8. September 2014"
8002;"Mo, 15. September 2014"
8002;"Mo, 22. September 2014"
8002;"Mo, 29. September 2014"
8002;"Mo, 6. Oktober 2014"
8002;"Mo, 13. Oktober 2014"
8002;"Mo, 20. Oktober 2014"
8002;"Mo, 27. Oktober 2014"
8002;"Mo, 3. November 2014"
8002;"Mo, 10. November 2014"
8002;"Mo, 17. November 2014"
8002;"Mo, 24. November 2014"
8002;"Mo, 1. Dezember 2014"
8002;"Mo, 8. Dezember 2014"
8002;"Mo, 15. Dezember 2014"
8002;"Mo, 22. Dezember 2014"
8002;"Mo, 29. Dezember 2014"
8003;"Mo, 6. Januar 2014"
8003;"Mo, 13. Januar 2014"
8003;"Mo, 20. Januar 2014"
8003;"Mo, 27. Januar 2014"
8003;"Mo, 3. Februar 2014"
8003;"Mo, 10. Februar 2014"
8003;"Mo, 17. Februar 2014"
8003;"Mo, 24. Februar 2014"
8003;"Mo, 3. März 2014"
8003;"Mo, 10. März 2014"
8003;"Mo, 17. März 2014"
8003;"Mo, 24. März 2014"
8003;"Mo, 31. März 2014"
8003;"Mo, 7. April 2014"
8003;"Mo, 14. April 2014"
8003;"Sa, 19. April 2014"
8003;"Mo, 28. April 2014"
8003;"Mo, 5. Mai 2014"
8003;"Mo, 12. Mai 2014"
8003;"Mo, 19. Mai 2014"
8003;"Mo, 26. Mai 2014"
8003;"Mo, 2. Juni 2014"
8003;"Sa, 7. Juni 2014"
8003;"Mo, 16. Juni 2014"
8003;"Mo, 23. Juni 2014"
8003;"Mo, 30. Juni 2014"
8003;"Mo, 7. Juli 2014"
8003;"Mo, 14. Juli 2014"
8003;"Mo, 21. Juli 2014"
8003;"Mo, 28. Juli 2014"
8003;"Mo, 4. August 2014"
8003;"Mo, 11. August 2014"
8003;"Mo, 18. August 2014"
8003;"Mo, 25. August 2014"
8003;"Mo, 1. September 2014"
8003;"Mo, 8. September 2014"
8003;"Mo, 15. September 2014"
8003;"Mo, 22. September 2014"
8003;"Mo, 29. September 2014"
8003;"Mo, 6. Oktober 2014"
8003;"Mo, 13. Oktober 2014"
8003;"Mo, 20. Oktober 2014"
8003;"Mo, 27. Oktober 2014"
8003;"Mo, 3. November 2014"
8003;"Mo, 10. November 2014"
8003;"Mo, 17. November 2014"
8003;"Mo, 24. November 2014"
8003;"Mo, 1. Dezember 2014"
8003;"Mo, 8. Dezember 2014"
8003;"Mo, 15. Dezember 2014"
8003;"Mo, 22. Dezember 2014"
8003;"Mo, 29. Dezember 2014"
8004;"Fr, 3. Januar 2014"
8004;"Di, 7. Januar 2014"
8004;"Fr, 10. Januar 2014"
8004;"Di, 14. Januar 2014"
8004;"Fr, 17. Januar 2014"
8004;"Di, 21. Januar 2014"
8004;"Fr, 24. Januar 2014"
8004;"Di, 28. Januar 2014"
8004;"Fr, 31. Januar 2014"
8004;"Di, 4. Februar 2014"
8004;"Fr, 7. Februar 2014"
8004;"Di, 11. Februar 2014"
8004;"Fr, 14. Februar 2014"
8004;"Di, 18. Februar 2014"
8004;"Fr, 21. Februar 2014"
8004;"Di, 25. Februar 2014"
8004;"Fr, 28. Februar 2014"
8004;"Di, 4. März 2014"
8004;"Fr, 7. März 2014"
8004;"Di, 11. März 2014"
8004;"Fr, 14. März 2014"
8004;"Di, 18. März 2014"
8004;"Fr, 21. März 2014"
8004;"Di, 25. März 2014"
8004;"Fr, 28. März 2014"
8004;"Di, 1. April 2014"
8004;"Fr, 4. April 2014"
8004;"Di, 8. April 2014"
8004;"Fr, 11. April 2014"
8004;"Di, 15. April 2014"
8004;"Di, 22. April 2014"
8004;"Fr, 25. April 2014"
8004;"Di, 29. April 2014"
8004;"Fr, 2. Mai 2014"
8004;"Di, 6. Mai 2014"
8004;"Fr, 9. Mai 2014"
8004;"Di, 13. Mai 2014"
8004;"Fr, 16. Mai 2014"
8004;"Di, 20. Mai 2014"
8004;"Fr, 23. Mai 2014"
8004;"Di, 27. Mai 2014"
8004;"Fr, 30. Mai 2014"
8004;"Di, 3. Juni 2014"
8004;"Fr, 6. Juni 2014"
8004;"Di, 10. Juni 2014"
8004;"Fr, 13. Juni 2014"
8004;"Di, 17. Juni 2014"
8004;"Fr, 20. Juni 2014"
8004;"Di, 24. Juni 2014"
8004;"Fr, 27. Juni 2014"
8004;"Di, 1. Juli 2014"
8004;"Fr, 4. Juli 2014"
8004;"Di, 8. Juli 2014"
8004;"Fr, 11. Juli 2014"
8004;"Di, 15. Juli 2014"
8004;"Fr, 18. Juli 2014"
8004;"Di, 22. Juli 2014"
8004;"Fr, 25. Juli 2014"
8004;"Di, 29. Juli 2014"
8004;"Sa, 2. August 2014"
8004;"Di, 5. August 2014"
8004;"Fr, 8. August 2014"
8004;"Di, 12. August 2014"
8004;"Fr, 15. August 2014"
8004;"Di, 19. August 2014"
8004;"Fr, 22. August 2014"
8004;"Di, 26. August 2014"
8004;"Fr, 29. August 2014"
8004;"Di, 2. September 2014"
8004;"Fr, 5. September 2014"
8004;"Di, 9. September 2014"
8004;"Fr, 12. September 2014"
8004;"Di, 16. September 2014"
8004;"Fr, 19. September 2014"
8004;"Di, 23. September 2014"
8004;"Fr, 26. September 2014"
8004;"Di, 30. September 2014"
8004;"Fr, 3. Oktober 2014"
8004;"Di, 7. Oktober 2014"
8004;"Fr, 10. Oktober 2014"
8004;"Di, 14. Oktober 2014"
8004;"Fr, 17. Oktober 2014"
8004;"Di, 21. Oktober 2014"
8004;"Fr, 24. Oktober 2014"
8004;"Di, 28. Oktober 2014"
8004;"Fr, 31. Oktober 2014"
8004;"Di, 4. November 2014"
8004;"Fr, 7. November 2014"
8004;"Di, 11. November 2014"
8004;"Fr, 14. November 2014"
8004;"Di, 18. November 2014"
8004;"Fr, 21. November 2014"
8004;"Di, 25. November 2014"
8004;"Fr, 28. November 2014"
8004;"Di, 2. Dezember 2014"
8004;"Fr, 5. Dezember 2014"
8004;"Di, 9. Dezember 2014"
8004;"Fr, 12. Dezember 2014"
8004;"Di, 16. Dezember 2014"
8004;"Fr, 19. Dezember 2014"
8004;"Di, 23. Dezember 2014"
8004;"Di, 30. Dezember 2014"
8005;"Fr, 3. Januar 2014"
8005;"Di, 7. Januar 2014"
8005;"Fr, 10. Januar 2014"
8005;"Di, 14. Januar 2014"
8005;"Fr, 17. Januar 2014"
8005;"Di, 21. Januar 2014"
8005;"Fr, 24. Januar 2014"
8005;"Di, 28. Januar 2014"
8005;"Fr, 31. Januar 2014"
8005;"Di, 4. Februar 2014"
8005;"Fr, 7. Februar 2014"
8005;"Di, 11. Februar 2014"
8005;"Fr, 14. Februar 2014"
8005;"Di, 18. Februar 2014"
8005;"Fr, 21. Februar 2014"
8005;"Di, 25. Februar 2014"
8005;"Fr, 28. Februar 2014"
8005;"Di, 4. März 2014"
8005;"Fr, 7. März 2014"
8005;"Di, 11. März 2014"
8005;"Fr, 14. März 2014"
8005;"Di, 18. März 2014"
8005;"Fr, 21. März 2014"
8005;"Di, 25. März 2014"
8005;"Fr, 28. März 2014"
8005;"Di, 1. April 2014"
8005;"Fr, 4. April 2014"
8005;"Di, 8. April 2014"
8005;"Fr, 11. April 2014"
8005;"Di, 15. April 2014"
8005;"Di, 22. April 2014"
8005;"Fr, 25. April 2014"
8005;"Di, 29. April 2014"
8005;"Fr, 2. Mai 2014"
8005;"Di, 6. Mai 2014"
8005;"Fr, 9. Mai 2014"
8005;"Di, 13. Mai 2014"
8005;"Fr, 16. Mai 2014"
8005;"Di, 20. Mai 2014"
8005;"Fr, 23. Mai 2014"
8005;"Di, 27. Mai 2014"
8005;"Fr, 30. Mai 2014"
8005;"Di, 3. Juni 2014"
8005;"Fr, 6. Juni 2014"
8005;"Di, 10. Juni 2014"
8005;"Fr, 13. Juni 2014"
8005;"Di, 17. Juni 2014"
8005;"Fr, 20. Juni 2014"
8005;"Di, 24. Juni 2014"
8005;"Fr, 27. Juni 2014"
8005;"Di, 1. Juli 2014"
8005;"Fr, 4. Juli 2014"
8005;"Di, 8. Juli 2014"
8005;"Fr, 11. Juli 2014"
8005;"Di, 15. Juli 2014"
8005;"Fr, 18. Juli 2014"
8005;"Di, 22. Juli 2014"
8005;"Fr, 25. Juli 2014"
8005;"Di, 29. Juli 2014"
8005;"Sa, 2. August 2014"
8005;"Di, 5. August 2014"
8005;"Fr, 8. August 2014"
8005;"Di, 12. August 2014"
8005;"Fr, 15. August 2014"
8005;"Di, 19. August 2014"
8005;"Fr, 22. August 2014"
8005;"Di, 26. August 2014"
8005;"Fr, 29. August 2014"
8005;"Di, 2. September 2014"
8005;"Fr, 5. September 2014"
8005;"Di, 9. September 2014"
8005;"Fr, 12. September 2014"
8005;"Di, 16. September 2014"
8005;"Fr, 19. September 2014"
8005;"Di, 23. September 2014"
8005;"Fr, 26. September 2014"
8005;"Di, 30. September 2014"
8005;"Fr, 3. Oktober 2014"
8005;"Di, 7. Oktober 2014"
8005;"Fr, 10. Oktober 2014"
8005;"Di, 14. Oktober 2014"
8005;"Fr, 17. Oktober 2014"
8005;"Di, 21. Oktober 2014"
8005;"Fr, 24. Oktober 2014"
8005;"Di, 28. Oktober 2014"
8005;"Fr, 31. Oktober 2014"
8005;"Di, 4. November 2014"
8005;"Fr, 7. November 2014"
8005;"Di, 11. November 2014"
8005;"Fr, 14. November 2014"
8005;"Di, 18. November 2014"
8005;"Fr, 21. November 2014"
8005;"Di, 25. November 2014"
8005;"Fr, 28. November 2014"
8005;"Di, 2. Dezember 2014"
8005;"Fr, 5. Dezember 2014"
8005;"Di, 9. Dezember 2014"
8005;"Fr, 12. Dezember 2014"
8005;"Di, 16. Dezember 2014"
8005;"Fr, 19. Dezember 2014"
8005;"Di, 23. Dezember 2014"
8005;"Di, 30. Dezember 2014"
8006;"Sa, 4. Januar 2014"
8006;"Do, 9. Januar 2014"
8006;"Do, 16. Januar 2014"
8006;"Do, 23. Januar 2014"
8006;"Do, 30. Januar 2014"
8006;"Do, 6. Februar 2014"
8006;"Do, 13. Februar 2014"
8006;"Do, 20. Februar 2014"
8006;"Do, 27. Februar 2014"
8006;"Do, 6. März 2014"
8006;"Do, 13. März 2014"
8006;"Do, 20. März 2014"
8006;"Do, 27. März 2014"
8006;"Do, 3. April 2014"
8006;"Do, 10. April 2014"
8006;"Do, 17. April 2014"
8006;"Do, 24. April 2014"
8006;"Sa, 3. Mai 2014"
8006;"Do, 8. Mai 2014"
8006;"Do, 15. Mai 2014"
8006;"Do, 22. Mai 2014"
8006;"Sa, 31. Mai 2014"
8006;"Do, 5. Juni 2014"
8006;"Do, 12. Juni 2014"
8006;"Do, 19. Juni 2014"
8006;"Do, 26. Juni 2014"
8006;"Do, 3. Juli 2014"
8006;"Do, 10. Juli 2014"
8006;"Do, 17. Juli 2014"
8006;"Do, 24. Juli 2014"
8006;"Do, 31. Juli 2014"
8006;"Do, 7. August 2014"
8006;"Do, 14. August 2014"
8006;"Do, 21. August 2014"
8006;"Do, 28. August 2014"
8006;"Do, 4. September 2014"
8006;"Do, 11. September 2014"
8006;"Do, 18. September 2014"
8006;"Do, 25. September 2014"
8006;"Do, 2. Oktober 2014"
8006;"Do, 9. Oktober 2014"
8006;"Do, 16. Oktober 2014"
8006;"Do, 23. Oktober 2014"
8006;"Do, 30. Oktober 2014"
8006;"Do, 6. November 2014"
8006;"Do, 13. November 2014"
8006;"Do, 20. November 2014"
8006;"Do, 27. November 2014"
8006;"Do, 4. Dezember 2014"
8006;"Do, 11. Dezember 2014"
8006;"Do, 18. Dezember 2014"
8006;"Sa, 27. Dezember 2014"
8008;"Fr, 3. Januar 2014"
8008;"Fr, 10. Januar 2014"
8008;"Fr, 17. Januar 2014"
8008;"Fr, 24. Januar 2014"
8008;"Fr, 31. Januar 2014"
8008;"Fr, 7. Februar 2014"
8008;"Fr, 14. Februar 2014"
8008;"Fr, 21. Februar 2014"
8008;"Fr, 28. Februar 2014"
8008;"Fr, 7. März 2014"
8008;"Fr, 14. März 2014"
8008;"Fr, 21. März 2014"
8008;"Fr, 28. März 2014"
8008;"Fr, 4. April 2014"
8008;"Fr, 11. April 2014"
8008;"Sa, 19. April 2014"
8008;"Fr, 25. April 2014"
8008;"Fr, 2. Mai 2014"
8008;"Fr, 9. Mai 2014"
8008;"Fr, 16. Mai 2014"
8008;"Fr, 23. Mai 2014"
8008;"Fr, 30. Mai 2014"
8008;"Fr, 6. Juni 2014"
8008;"Fr, 13. Juni 2014"
8008;"Fr, 20. Juni 2014"
8008;"Fr, 27. Juni 2014"
8008;"Fr, 4. Juli 2014"
8008;"Fr, 11. Juli 2014"
8008;"Fr, 18. Juli 2014"
8008;"Fr, 25. Juli 2014"
8008;"Sa, 2. August 2014"
8008;"Fr, 8. August 2014"
8008;"Fr, 15. August 2014"
8008;"Fr, 22. August 2014"
8008;"Fr, 29. August 2014"
8008;"Fr, 5. September 2014"
8008;"Fr, 12. September 2014"
8008;"Fr, 19. September 2014"
8008;"Fr, 26. September 2014"
8008;"Fr, 3. Oktober 2014"
8008;"Fr, 10. Oktober 2014"
8008;"Fr, 17. Oktober 2014"
8008;"Fr, 24. Oktober 2014"
8008;"Fr, 31. Oktober 2014"
8008;"Fr, 7. November 2014"
8008;"Fr, 14. November 2014"
8008;"Fr, 21. November 2014"
8008;"Fr, 28. November 2014"
8008;"Fr, 5. Dezember 2014"
8008;"Fr, 12. Dezember 2014"
8008;"Fr, 19. Dezember 2014"
8008;"Sa, 27. Dezember 2014"
8032;"Fr, 3. Januar 2014"
8032;"Fr, 10. Januar 2014"
8032;"Fr, 17. Januar 2014"
8032;"Fr, 24. Januar 2014"
8032;"Fr, 31. Januar 2014"
8032;"Fr, 7. Februar 2014"
8032;"Fr, 14. Februar 2014"
8032;"Fr, 21. Februar 2014"
8032;"Fr, 28. Februar 2014"
8032;"Fr, 7. März 2014"
8032;"Fr, 14. März 2014"
8032;"Fr, 21. März 2014"
8032;"Fr, 28. März 2014"
8032;"Fr, 4. April 2014"
8032;"Fr, 11. April 2014"
8032;"Sa, 19. April 2014"
8032;"Fr, 25. April 2014"
8032;"Fr, 2. Mai 2014"
8032;"Fr, 9. Mai 2014"
8032;"Fr, 16. Mai 2014"
8032;"Fr, 23. Mai 2014"
8032;"Fr, 30. Mai 2014"
8032;"Fr, 6. Juni 2014"
8032;"Fr, 13. Juni 2014"
8032;"Fr, 20. Juni 2014"
8032;"Fr, 27. Juni 2014"
8032;"Fr, 4. Juli 2014"
8032;"Fr, 11. Juli 2014"
8032;"Fr, 18. Juli 2014"
8032;"Fr, 25. Juli 2014"
8032;"Sa, 2. August 2014"
8032;"Fr, 8. August 2014"
8032;"Fr, 15. August 2014"
8032;"Fr, 22. August 2014"
8032;"Fr, 29. August 2014"
8032;"Fr, 5. September 2014"
8032;"Fr, 12. September 2014"
8032;"Fr, 19. September 2014"
8032;"Fr, 26. September 2014"
8032;"Fr, 3. Oktober 2014"
8032;"Fr, 10. Oktober 2014"
8032;"Fr, 17. Oktober 2014"
8032;"Fr, 24. Oktober 2014"
8032;"Fr, 31. Oktober 2014"
8032;"Fr, 7. November 2014"
8032;"Fr, 14. November 2014"
8032;"Fr, 21. November 2014"
8032;"Fr, 28. November 2014"
8032;"Fr, 5. Dezember 2014"
8032;"Fr, 12. Dezember 2014"
8032;"Fr, 19. Dezember 2014"
8032;"Sa, 27. Dezember 2014"
8037;"Sa, 4. Januar 2014"
8037;"Do, 9. Januar 2014"
8037;"Do, 16. Januar 2014"
8037;"Do, 23. Januar 2014"
8037;"Do, 30. Januar 2014"
8037;"Do, 6. Februar 2014"
8037;"Do, 13. Februar 2014"
8037;"Do, 20. Februar 2014"
8037;"Do, 27. Februar 2014"
8037;"Do, 6. März 2014"
8037;"Do, 13. März 2014"
8037;"Do, 20. März 2014"
8037;"Do, 27. März 2014"
8037;"Do, 3. April 2014"
8037;"Do, 10. April 2014"
8037;"Do, 17. April 2014"
8037;"Do, 24. April 2014"
8037;"Sa, 3. Mai 2014"
8037;"Do, 8. Mai 2014"
8037;"Do, 15. Mai 2014"
8037;"Do, 22. Mai 2014"
8037;"Sa, 31. Mai 2014"
8037;"Do, 5. Juni 2014"
8037;"Do, 12. Juni 2014"
8037;"Do, 19. Juni 2014"
8037;"Do, 26. Juni 2014"
8037;"Do, 3. Juli 2014"
8037;"Do, 10. Juli 2014"
8037;"Do, 17. Juli 2014"
8037;"Do, 24. Juli 2014"
8037;"Do, 31. Juli 2014"
8037;"Do, 7. August 2014"
8037;"Do, 14. August 2014"
8037;"Do, 21. August 2014"
8037;"Do, 28. August 2014"
8037;"Do, 4. September 2014"
8037;"Do, 11. September 2014"
8037;"Do, 18. September 2014"
8037;"Do, 25. September 2014"
8037;"Do, 2. Oktober 2014"
8037;"Do, 9. Oktober 2014"
8037;"Do, 16. Oktober 2014"
8037;"Do, 23. Oktober 2014"
8037;"Do, 30. Oktober 2014"
8037;"Do, 6. November 2014"
8037;"Do, 13. November 2014"
8037;"Do, 20. November 2014"
8037;"Do, 27. November 2014"
8037;"Do, 4. Dezember 2014"
8037;"Do, 11. Dezember 2014"
8037;"Do, 18. Dezember 2014"
8037;"Sa, 27. Dezember 2014"
8038;"Mo, 6. Januar 2014"
8038;"Mo, 13. Januar 2014"
8038;"Mo, 20. Januar 2014"
8038;"Mo, 27. Januar 2014"
8038;"Mo, 3. Februar 2014"
8038;"Mo, 10. Februar 2014"
8038;"Mo, 17. Februar 2014"
8038;"Mo, 24. Februar 2014"
8038;"Mo, 3. März 2014"
8038;"Mo, 10. März 2014"
8038;"Mo, 17. März 2014"
8038;"Mo, 24. März 2014"
8038;"Mo, 31. März 2014"
8038;"Mo, 7. April 2014"
8038;"Mo, 14. April 2014"
8038;"Sa, 19. April 2014"
8038;"Mo, 28. April 2014"
8038;"Mo, 5. Mai 2014"
8038;"Mo, 12. Mai 2014"
8038;"Mo, 19. Mai 2014"
8038;"Mo, 26. Mai 2014"
8038;"Mo, 2. Juni 2014"
8038;"Sa, 7. Juni 2014"
8038;"Mo, 16. Juni 2014"
8038;"Mo, 23. Juni 2014"
8038;"Mo, 30. Juni 2014"
8038;"Mo, 7. Juli 2014"
8038;"Mo, 14. Juli 2014"
8038;"Mo, 21. Juli 2014"
8038;"Mo, 28. Juli 2014"
8038;"Mo, 4. August 2014"
8038;"Mo, 11. August 2014"
8038;"Mo, 18. August 2014"
8038;"Mo, 25. August 2014"
8038;"Mo, 1. September 2014"
8038;"Mo, 8. September 2014"
8038;"Mo, 15. September 2014"
8038;"Mo, 22. September 2014"
8038;"Mo, 29. September 2014"
8038;"Mo, 6. Oktober 2014"
8038;"Mo, 13. Oktober 2014"
8038;"Mo, 20. Oktober 2014"
8038;"Mo, 27. Oktober 2014"
8038;"Mo, 3. November 2014"
8038;"Mo, 10. November 2014"
8038;"Mo, 17. November 2014"
8038;"Mo, 24. November 2014"
8038;"Mo, 1. Dezember 2014"
8038;"Mo, 8. Dezember 2014"
8038;"Mo, 15. Dezember 2014"
8038;"Mo, 22. Dezember 2014"
8038;"Mo, 29. Dezember 2014"
8041;"Mo, 6. Januar 2014"
8041;"Mo, 13. Januar 2014"
8041;"Mo, 20. Januar 2014"
8041;"Mo, 27. Januar 2014"
8041;"Mo, 3. Februar 2014"
8041;"Mo, 10. Februar 2014"
8041;"Mo, 17. Februar 2014"
8041;"Mo, 24. Februar 2014"
8041;"Mo, 3. März 2014"
8041;"Mo, 10. März 2014"
8041;"Mo, 17. März 2014"
8041;"Mo, 24. März 2014"
8041;"Mo, 31. März 2014"
8041;"Mo, 7. April 2014"
8041;"Mo, 14. April 2014"
8041;"Sa, 19. April 2014"
8041;"Mo, 28. April 2014"
8041;"Mo, 5. Mai 2014"
8041;"Mo, 12. Mai 2014"
8041;"Mo, 19. Mai 2014"
8041;"Mo, 26. Mai 2014"
8041;"Mo, 2. Juni 2014"
8041;"Sa, 7. Juni 2014"
8041;"Mo, 16. Juni 2014"
8041;"Mo, 23. Juni 2014"
8041;"Mo, 30. Juni 2014"
8041;"Mo, 7. Juli 2014"
8041;"Mo, 14. Juli 2014"
8041;"Mo, 21. Juli 2014"
8041;"Mo, 28. Juli 2014"
8041;"Mo, 4. August 2014"
8041;"Mo, 11. August 2014"
8041;"Mo, 18. August 2014"
8041;"Mo, 25. August 2014"
8041;"Mo, 1. September 2014"
8041;"Mo, 8. September 2014"
8041;"Mo, 15. September 2014"
8041;"Mo, 22. September 2014"
8041;"Mo, 29. September 2014"
8041;"Mo, 6. Oktober 2014"
8041;"Mo, 13. Oktober 2014"
8041;"Mo, 20. Oktober 2014"
8041;"Mo, 27. Oktober 2014"
8041;"Mo, 3. November 2014"
8041;"Mo, 10. November 2014"
8041;"Mo, 17. November 2014"
8041;"Mo, 24. November 2014"
8041;"Mo, 1. Dezember 2014"
8041;"Mo, 8. Dezember 2014"
8041;"Mo, 15. Dezember 2014"
8041;"Mo, 22. Dezember 2014"
8041;"Mo, 29. Dezember 2014"
8044;"Sa, 4. Januar 2014"
8044;"Do, 9. Januar 2014"
8044;"Do, 16. Januar 2014"
8044;"Do, 23. Januar 2014"
8044;"Do, 30. Januar 2014"
8044;"Do, 6. Februar 2014"
8044;"Do, 13. Februar 2014"
8044;"Do, 20. Februar 2014"
8044;"Do, 27. Februar 2014"
8044;"Do, 6. März 2014"
8044;"Do, 13. März 2014"
8044;"Do, 20. März 2014"
8044;"Do, 27. März 2014"
8044;"Do, 3. April 2014"
8044;"Do, 10. April 2014"
8044;"Do, 17. April 2014"
8044;"Do, 24. April 2014"
8044;"Sa, 3. Mai 2014"
8044;"Do, 8. Mai 2014"
8044;"Do, 15. Mai 2014"
8044;"Do, 22. Mai 2014"
8044;"Sa, 31. Mai 2014"
8044;"Do, 5. Juni 2014"
8044;"Do, 12. Juni 2014"
8044;"Do, 19. Juni 2014"
8044;"Do, 26. Juni 2014"
8044;"Do, 3. Juli 2014"
8044;"Do, 10. Juli 2014"
8044;"Do, 17. Juli 2014"
8044;"Do, 24. Juli 2014"
8044;"Do, 31. Juli 2014"
8044;"Do, 7. August 2014"
8044;"Do, 14. August 2014"
8044;"Do, 21. August 2014"
8044;"Do, 28. August 2014"
8044;"Do, 4. September 2014"
8044;"Do, 11. September 2014"
8044;"Do, 18. September 2014"
8044;"Do, 25. September 2014"
8044;"Do, 2. Oktober 2014"
8044;"Do, 9. Oktober 2014"
8044;"Do, 16. Oktober 2014"
8044;"Do, 23. Oktober 2014"
8044;"Do, 30. Oktober 2014"
8044;"Do, 6. November 2014"
8044;"Do, 13. November 2014"
8044;"Do, 20. November 2014"
8044;"Do, 27. November 2014"
8044;"Do, 4. Dezember 2014"
8044;"Do, 11. Dezember 2014"
8044;"Do, 18. Dezember 2014"
8044;"Sa, 27. Dezember 2014"
8045;"Mo, 6. Januar 2014"
8045;"Mo, 13. Januar 2014"
8045;"Mo, 20. Januar 2014"
8045;"Mo, 27. Januar 2014"
8045;"Mo, 3. Februar 2014"
8045;"Mo, 10. Februar 2014"
8045;"Mo, 17. Februar 2014"
8045;"Mo, 24. Februar 2014"
8045;"Mo, 3. März 2014"
8045;"Mo, 10. März 2014"
8045;"Mo, 17. März 2014"
8045;"Mo, 24. März 2014"
8045;"Mo, 31. März 2014"
8045;"Mo, 7. April 2014"
8045;"Mo, 14. April 2014"
8045;"Sa, 19. April 2014"
8045;"Mo, 28. April 2014"
8045;"Mo, 5. Mai 2014"
8045;"Mo, 12. Mai 2014"
8045;"Mo, 19. Mai 2014"
8045;"Mo, 26. Mai 2014"
8045;"Mo, 2. Juni 2014"
8045;"Sa, 7. Juni 2014"
8045;"Mo, 16. Juni 2014"
8045;"Mo, 23. Juni 2014"
8045;"Mo, 30. Juni 2014"
8045;"Mo, 7. Juli 2014"
8045;"Mo, 14. Juli 2014"
8045;"Mo, 21. Juli 2014"
8045;"Mo, 28. Juli 2014"
8045;"Mo, 4. August 2014"
8045;"Mo, 11. August 2014"
8045;"Mo, 18. August 2014"
8045;"Mo, 25. August 2014"
8045;"Mo, 1. September 2014"
8045;"Mo, 8. September 2014"
8045;"Mo, 15. September 2014"
8045;"Mo, 22. September 2014"
8045;"Mo, 29. September 2014"
8045;"Mo, 6. Oktober 2014"
8045;"Mo, 13. Oktober 2014"
8045;"Mo, 20. Oktober 2014"
8045;"Mo, 27. Oktober 2014"
8045;"Mo, 3. November 2014"
8045;"Mo, 10. November 2014"
8045;"Mo, 17. November 2014"
8045;"Mo, 24. November 2014"
8045;"Mo, 1. Dezember 2014"
8045;"Mo, 8. Dezember 2014"
8045;"Mo, 15. Dezember 2014"
8045;"Mo, 22. Dezember 2014"
8045;"Mo, 29. Dezember 2014"
8046;"Fr, 27. Dezember 2013"
8046;"Mi, 8. Januar 2014"
8046;"Mi, 15. Januar 2014"
8046;"Mi, 22. Januar 2014"
8046;"Mi, 29. Januar 2014"
8046;"Mi, 5. Februar 2014"
8046;"Mi, 12. Februar 2014"
8046;"Mi, 19. Februar 2014"
8046;"Mi, 26. Februar 2014"
8046;"Mi, 5. März 2014"
8046;"Mi, 12. März 2014"
8046;"Mi, 19. März 2014"
8046;"Mi, 26. März 2014"
8046;"Mi, 2. April 2014"
8046;"Mi, 9. April 2014"
8046;"Mi, 16. April 2014"
8046;"Mi, 23. April 2014"
8046;"Mi, 30. April 2014"
8046;"Mi, 7. Mai 2014"
8046;"Mi, 14. Mai 2014"
8046;"Mi, 21. Mai 2014"
8046;"Mi, 28. Mai 2014"
8046;"Mi, 4. Juni 2014"
8046;"Mi, 11. Juni 2014"
8046;"Mi, 18. Juni 2014"
8046;"Mi, 25. Juni 2014"
8046;"Mi, 2. Juli 2014"
8046;"Mi, 9. Juli 2014"
8046;"Mi, 16. Juli 2014"
8046;"Mi, 23. Juli 2014"
8046;"Mi, 30. Juli 2014"
8046;"Mi, 6. August 2014"
8046;"Mi, 13. August 2014"
8046;"Mi, 20. August 2014"
8046;"Mi, 27. August 2014"
8046;"Mi, 3. September 2014"
8046;"Mi, 10. September 2014"
8046;"Mi, 17. September 2014"
8046;"Mi, 24. September 2014"
8046;"Mi, 1. Oktober 2014"
8046;"Mi, 8. Oktober 2014"
8046;"Mi, 15. Oktober 2014"
8046;"Mi, 22. Oktober 2014"
8046;"Mi, 29. Oktober 2014"
8046;"Mi, 5. November 2014"
8046;"Mi, 12. November 2014"
8046;"Mi, 19. November 2014"
8046;"Mi, 26. November 2014"
8046;"Mi, 3. Dezember 2014"
8046;"Mi, 10. Dezember 2014"
8046;"Mi, 17. Dezember 2014"
8046;"Mi, 24. Dezember 2014"
8046;"Mi, 31. Dezember 2014"
8047;"Di, 7. Januar 2014"
8047;"Di, 14. Januar 2014"
8047;"Di, 21. Januar 2014"
8047;"Di, 28. Januar 2014"
8047;"Di, 4. Februar 2014"
8047;"Di, 11. Februar 2014"
8047;"Di, 18. Februar 2014"
8047;"Di, 25. Februar 2014"
8047;"Di, 4. März 2014"
8047;"Di, 11. März 2014"
8047;"Di, 18. März 2014"
8047;"Di, 25. März 2014"
8047;"Di, 1. April 2014"
8047;"Di, 8. April 2014"
8047;"Di, 15. April 2014"
8047;"Di, 22. April 2014"
8047;"Di, 29. April 2014"
8047;"Di, 6. Mai 2014"
8047;"Di, 13. Mai 2014"
8047;"Di, 20. Mai 2014"
8047;"Di, 27. Mai 2014"
8047;"Di, 3. Juni 2014"
8047;"Di, 10. Juni 2014"
8047;"Di, 17. Juni 2014"
8047;"Di, 24. Juni 2014"
8047;"Di, 1. Juli 2014"
8047;"Di, 8. Juli 2014"
8047;"Di, 15. Juli 2014"
8047;"Di, 22. Juli 2014"
8047;"Di, 29. Juli 2014"
8047;"Di, 5. August 2014"
8047;"Di, 12. August 2014"
8047;"Di, 19. August 2014"
8047;"Di, 26. August 2014"
8047;"Di, 2. September 2014"
8047;"Di, 9. September 2014"
8047;"Di, 16. September 2014"
8047;"Di, 23. September 2014"
8047;"Di, 30. September 2014"
8047;"Di, 7. Oktober 2014"
8047;"Di, 14. Oktober 2014"
8047;"Di, 21. Oktober 2014"
8047;"Di, 28. Oktober 2014"
8047;"Di, 4. November 2014"
8047;"Di, 11. November 2014"
8047;"Di, 18. November 2014"
8047;"Di, 25. November 2014"
8047;"Di, 2. Dezember 2014"
8047;"Di, 9. Dezember 2014"
8047;"Di, 16. Dezember 2014"
8047;"Di, 23. Dezember 2014"
8047;"Di, 30. Dezember 2014"
8048;"Di, 7. Januar 2014"
8048;"Di, 14. Januar 2014"
8048;"Di, 21. Januar 2014"
8048;"Di, 28. Januar 2014"
8048;"Di, 4. Februar 2014"
8048;"Di, 11. Februar 2014"
8048;"Di, 18. Februar 2014"
8048;"Di, 25. Februar 2014"
8048;"Di, 4. März 2014"
8048;"Di, 11. März 2014"
8048;"Di, 18. März 2014"
8048;"Di, 25. März 2014"
8048;"Di, 1. April 2014"
8048;"Di, 8. April 2014"
8048;"Di, 15. April 2014"
8048;"Di, 22. April 2014"
8048;"Di, 29. April 2014"
8048;"Di, 6. Mai 2014"
8048;"Di, 13. Mai 2014"
8048;"Di, 20. Mai 2014"
8048;"Di, 27. Mai 2014"
8048;"Di, 3. Juni 2014"
8048;"Di, 10. Juni 2014"
8048;"Di, 17. Juni 2014"
8048;"Di, 24. Juni 2014"
8048;"Di, 1. Juli 2014"
8048;"Di, 8. Juli 2014"
8048;"Di, 15. Juli 2014"
8048;"Di, 22. Juli 2014"
8048;"Di, 29. Juli 2014"
8048;"Di, 5. August 2014"
8048;"Di, 12. August 2014"
8048;"Di, 19. August 2014"
8048;"Di, 26. August 2014"
8048;"Di, 2. September 2014"
8048;"Di, 9. September 2014"
8048;"Di, 16. September 2014"
8048;"Di, 23. September 2014"
8048;"Di, 30. September 2014"
8048;"Di, 7. Oktober 2014"
8048;"Di, 14. Oktober 2014"
8048;"Di, 21. Oktober 2014"
8048;"Di, 28. Oktober 2014"
8048;"Di, 4. November 2014"
8048;"Di, 11. November 2014"
8048;"Di, 18. November 2014"
8048;"Di, 25. November 2014"
8048;"Di, 2. Dezember 2014"
8048;"Di, 9. Dezember 2014"
8048;"Di, 16. Dezember 2014"
8048;"Di, 23. Dezember 2014"
8048;"Di, 30. Dezember 2014"
8049;"Di, 7. Januar 2014"
8049;"Di, 14. Januar 2014"
8049;"Di, 21. Januar 2014"
8049;"Di, 28. Januar 2014"
8049;"Di, 4. Februar 2014"
8049;"Di, 11. Februar 2014"
8049;"Di, 18. Februar 2014"
8049;"Di, 25. Februar 2014"
8049;"Di, 4. März 2014"
8049;"Di, 11. März 2014"
8049;"Di, 18. März 2014"
8049;"Di, 25. März 2014"
8049;"Di, 1. April 2014"
8049;"Di, 8. April 2014"
8049;"Di, 15. April 2014"
8049;"Di, 22. April 2014"
8049;"Di, 29. April 2014"
8049;"Di, 6. Mai 2014"
8049;"Di, 13. Mai 2014"
8049;"Di, 20. Mai 2014"
8049;"Di, 27. Mai 2014"
8049;"Di, 3. Juni 2014"
8049;"Di, 10. Juni 2014"
8049;"Di, 17. Juni 2014"
8049;"Di, 24. Juni 2014"
8049;"Di, 1. Juli 2014"
8049;"Di, 8. Juli 2014"
8049;"Di, 15. Juli 2014"
8049;"Di, 22. Juli 2014"
8049;"Di, 29. Juli 2014"
8049;"Di, 5. August 2014"
8049;"Di, 12. August 2014"
8049;"Di, 19. August 2014"
8049;"Di, 26. August 2014"
8049;"Di, 2. September 2014"
8049;"Di, 9. September 2014"
8049;"Di, 16. September 2014"
8049;"Di, 23. September 2014"
8049;"Di, 30. September 2014"
8049;"Di, 7. Oktober 2014"
8049;"Di, 14. Oktober 2014"
8049;"Di, 21. Oktober 2014"
8049;"Di, 28. Oktober 2014"
8049;"Di, 4. November 2014"
8049;"Di, 11. November 2014"
8049;"Di, 18. November 2014"
8049;"Di, 25. November 2014"
8049;"Di, 2. Dezember 2014"
8049;"Di, 9. Dezember 2014"
8049;"Di, 16. Dezember 2014"
8049;"Di, 23. Dezember 2014"
8049;"Di, 30. Dezember 2014"
8050;"Di, 31. Dezember 2013"
8050;"Mi, 8. Januar 2014"
8050;"Mi, 15. Januar 2014"
8050;"Mi, 22. Januar 2014"
8050;"Mi, 29. Januar 2014"
8050;"Mi, 5. Februar 2014"
8050;"Mi, 12. Februar 2014"
8050;"Mi, 19. Februar 2014"
8050;"Mi, 26. Februar 2014"
8050;"Mi, 5. März 2014"
8050;"Mi, 12. März 2014"
8050;"Mi, 19. März 2014"
8050;"Mi, 26. März 2014"
8050;"Mi, 2. April 2014"
8050;"Mi, 9. April 2014"
8050;"Mi, 16. April 2014"
8050;"Mi, 23. April 2014"
8050;"Mi, 30. April 2014"
8050;"Mi, 7. Mai 2014"
8050;"Mi, 14. Mai 2014"
8050;"Mi, 21. Mai 2014"
8050;"Mi, 28. Mai 2014"
8050;"Mi, 4. Juni 2014"
8050;"Mi, 11. Juni 2014"
8050;"Mi, 18. Juni 2014"
8050;"Mi, 25. Juni 2014"
8050;"Mi, 2. Juli 2014"
8050;"Mi, 9. Juli 2014"
8050;"Mi, 16. Juli 2014"
8050;"Mi, 23. Juli 2014"
8050;"Mi, 30. Juli 2014"
8050;"Mi, 6. August 2014"
8050;"Mi, 13. August 2014"
8050;"Mi, 20. August 2014"
8050;"Mi, 27. August 2014"
8050;"Mi, 3. September 2014"
8050;"Mi, 10. September 2014"
8050;"Mi, 17. September 2014"
8050;"Mi, 24. September 2014"
8050;"Mi, 1. Oktober 2014"
8050;"Mi, 8. Oktober 2014"
8050;"Mi, 15. Oktober 2014"
8050;"Mi, 22. Oktober 2014"
8050;"Mi, 29. Oktober 2014"
8050;"Mi, 5. November 2014"
8050;"Mi, 12. November 2014"
8050;"Mi, 19. November 2014"
8050;"Mi, 26. November 2014"
8050;"Mi, 3. Dezember 2014"
8050;"Mi, 10. Dezember 2014"
8050;"Mi, 17. Dezember 2014"
8050;"Mi, 24. Dezember 2014"
8050;"Mi, 31. Dezember 2014"
8051;"Di, 31. Dezember 2013"
8051;"Mi, 8. Januar 2014"
8051;"Mi, 15. Januar 2014"
8051;"Mi, 22. Januar 2014"
8051;"Mi, 29. Januar 2014"
8051;"Mi, 5. Februar 2014"
8051;"Mi, 12. Februar 2014"
8051;"Mi, 19. Februar 2014"
8051;"Mi, 26. Februar 2014"
8051;"Mi, 5. März 2014"
8051;"Mi, 12. März 2014"
8051;"Mi, 19. März 2014"
8051;"Mi, 26. März 2014"
8051;"Mi, 2. April 2014"
8051;"Mi, 9. April 2014"
8051;"Mi, 16. April 2014"
8051;"Mi, 23. April 2014"
8051;"Mi, 30. April 2014"
8051;"Mi, 7. Mai 2014"
8051;"Mi, 14. Mai 2014"
8051;"Mi, 21. Mai 2014"
8051;"Mi, 28. Mai 2014"
8051;"Mi, 4. Juni 2014"
8051;"Mi, 11. Juni 2014"
8051;"Mi, 18. Juni 2014"
8051;"Mi, 25. Juni 2014"
8051;"Mi, 2. Juli 2014"
8051;"Mi, 9. Juli 2014"
8051;"Mi, 16. Juli 2014"
8051;"Mi, 23. Juli 2014"
8051;"Mi, 30. Juli 2014"
8051;"Mi, 6. August 2014"
8051;"Mi, 13. August 2014"
8051;"Mi, 20. August 2014"
8051;"Mi, 27. August 2014"
8051;"Mi, 3. September 2014"
8051;"Mi, 10. September 2014"
8051;"Mi, 17. September 2014"
8051;"Mi, 24. September 2014"
8051;"Mi, 1. Oktober 2014"
8051;"Mi, 8. Oktober 2014"
8051;"Mi, 15. Oktober 2014"
8051;"Mi, 22. Oktober 2014"
8051;"Mi, 29. Oktober 2014"
8051;"Mi, 5. November 2014"
8051;"Mi, 12. November 2014"
8051;"Mi, 19. November 2014"
8051;"Mi, 26. November 2014"
8051;"Mi, 3. Dezember 2014"
8051;"Mi, 10. Dezember 2014"
8051;"Mi, 17. Dezember 2014"
8051;"Mi, 24. Dezember 2014"
8051;"Mi, 31. Dezember 2014"
8052;"Fr, 27. Dezember 2013"
8052;"Mi, 8. Januar 2014"
8052;"Mi, 15. Januar 2014"
8052;"Mi, 22. Januar 2014"
8052;"Mi, 29. Januar 2014"
8052;"Mi, 5. Februar 2014"
8052;"Mi, 12. Februar 2014"
8052;"Mi, 19. Februar 2014"
8052;"Mi, 26. Februar 2014"
8052;"Mi, 5. März 2014"
8052;"Mi, 12. März 2014"
8052;"Mi, 19. März 2014"
8052;"Mi, 26. März 2014"
8052;"Mi, 2. April 2014"
8052;"Mi, 9. April 2014"
8052;"Mi, 16. April 2014"
8052;"Mi, 23. April 2014"
8052;"Mi, 30. April 2014"
8052;"Mi, 7. Mai 2014"
8052;"Mi, 14. Mai 2014"
8052;"Mi, 21. Mai 2014"
8052;"Mi, 28. Mai 2014"
8052;"Mi, 4. Juni 2014"
8052;"Mi, 11. Juni 2014"
8052;"Mi, 18. Juni 2014"
8052;"Mi, 25. Juni 2014"
8052;"Mi, 2. Juli 2014"
8052;"Mi, 9. Juli 2014"
8052;"Mi, 16. Juli 2014"
8052;"Mi, 23. Juli 2014"
8052;"Mi, 30. Juli 2014"
8052;"Mi, 6. August 2014"
8052;"Mi, 13. August 2014"
8052;"Mi, 20. August 2014"
8052;"Mi, 27. August 2014"
8052;"Mi, 3. September 2014"
8052;"Mi, 10. September 2014"
8052;"Mi, 17. September 2014"
8052;"Mi, 24. September 2014"
8052;"Mi, 1. Oktober 2014"
8052;"Mi, 8. Oktober 2014"
8052;"Mi, 15. Oktober 2014"
8052;"Mi, 22. Oktober 2014"
8052;"Mi, 29. Oktober 2014"
8052;"Mi, 5. November 2014"
8052;"Mi, 12. November 2014"
8052;"Mi, 19. November 2014"
8052;"Mi, 26. November 2014"
8052;"Mi, 3. Dezember 2014"
8052;"Mi, 10. Dezember 2014"
8052;"Mi, 17. Dezember 2014"
8052;"Mi, 24. Dezember 2014"
8052;"Mi, 31. Dezember 2014"
8053;"Sa, 4. Januar 2014"
8053;"Do, 9. Januar 2014"
8053;"Do, 16. Januar 2014"
8053;"Do, 23. Januar 2014"
8053;"Do, 30. Januar 2014"
8053;"Do, 6. Februar 2014"
8053;"Do, 13. Februar 2014"
8053;"Do, 20. Februar 2014"
8053;"Do, 27. Februar 2014"
8053;"Do, 6. März 2014"
8053;"Do, 13. März 2014"
8053;"Do, 20. März 2014"
8053;"Do, 27. März 2014"
8053;"Do, 3. April 2014"
8053;"Do, 10. April 2014"
8053;"Do, 17. April 2014"
8053;"Do, 24. April 2014"
8053;"Sa, 3. Mai 2014"
8053;"Do, 8. Mai 2014"
8053;"Do, 15. Mai 2014"
8053;"Do, 22. Mai 2014"
8053;"Sa, 31. Mai 2014"
8053;"Do, 5. Juni 2014"
8053;"Do, 12. Juni 2014"
8053;"Do, 19. Juni 2014"
8053;"Do, 26. Juni 2014"
8053;"Do, 3. Juli 2014"
8053;"Do, 10. Juli 2014"
8053;"Do, 17. Juli 2014"
8053;"Do, 24. Juli 2014"
8053;"Do, 31. Juli 2014"
8053;"Do, 7. August 2014"
8053;"Do, 14. August 2014"
8053;"Do, 21. August 2014"
8053;"Do, 28. August 2014"
8053;"Do, 4. September 2014"
8053;"Do, 11. September 2014"
8053;"Do, 18. September 2014"
8053;"Do, 25. September 2014"
8053;"Do, 2. Oktober 2014"
8053;"Do, 9. Oktober 2014"
8053;"Do, 16. Oktober 2014"
8053;"Do, 23. Oktober 2014"
8053;"Do, 30. Oktober 2014"
8053;"Do, 6. November 2014"
8053;"Do, 13. November 2014"
8053;"Do, 20. November 2014"
8053;"Do, 27. November 2014"
8053;"Do, 4. Dezember 2014"
8053;"Do, 11. Dezember 2014"
8053;"Do, 18. Dezember 2014"
8053;"Sa, 27. Dezember 2014"
8055;"Mo, 6. Januar 2014"
8055;"Mo, 13. Januar 2014"
8055;"Mo, 20. Januar 2014"
8055;"Mo, 27. Januar 2014"
8055;"Mo, 3. Februar 2014"
8055;"Mo, 10. Februar 2014"
8055;"Mo, 17. Februar 2014"
8055;"Mo, 24. Februar 2014"
8055;"Mo, 3. März 2014"
8055;"Mo, 10. März 2014"
8055;"Mo, 17. März 2014"
8055;"Mo, 24. März 2014"
8055;"Mo, 31. März 2014"
8055;"Mo, 7. April 2014"
8055;"Mo, 14. April 2014"
8055;"Sa, 19. April 2014"
8055;"Mo, 28. April 2014"
8055;"Mo, 5. Mai 2014"
8055;"Mo, 12. Mai 2014"
8055;"Mo, 19. Mai 2014"
8055;"Mo, 26. Mai 2014"
8055;"Mo, 2. Juni 2014"
8055;"Sa, 7. Juni 2014"
8055;"Mo, 16. Juni 2014"
8055;"Mo, 23. Juni 2014"
8055;"Mo, 30. Juni 2014"
8055;"Mo, 7. Juli 2014"
8055;"Mo, 14. Juli 2014"
8055;"Mo, 21. Juli 2014"
8055;"Mo, 28. Juli 2014"
8055;"Mo, 4. August 2014"
8055;"Mo, 11. August 2014"
8055;"Mo, 18. August 2014"
8055;"Mo, 25. August 2014"
8055;"Mo, 1. September 2014"
8055;"Mo, 8. September 2014"
8055;"Mo, 15. September 2014"
8055;"Mo, 22. September 2014"
8055;"Mo, 29. September 2014"
8055;"Mo, 6. Oktober 2014"
8055;"Mo, 13. Oktober 2014"
8055;"Mo, 20. Oktober 2014"
8055;"Mo, 27. Oktober 2014"
8055;"Mo, 3. November 2014"
8055;"Mo, 10. November 2014"
8055;"Mo, 17. November 2014"
8055;"Mo, 24. November 2014"
8055;"Mo, 1. Dezember 2014"
8055;"Mo, 8. Dezember 2014"
8055;"Mo, 15. Dezember 2014"
8055;"Mo, 22. Dezember 2014"
8055;"Mo, 29. Dezember 2014"
8057;"Sa, 4. Januar 2014"
8057;"Do, 9. Januar 2014"
8057;"Do, 16. Januar 2014"
8057;"Do, 23. Januar 2014"
8057;"Do, 30. Januar 2014"
8057;"Do, 6. Februar 2014"
8057;"Do, 13. Februar 2014"
8057;"Do, 20. Februar 2014"
8057;"Do, 27. Februar 2014"
8057;"Do, 6. März 2014"
8057;"Do, 13. März 2014"
8057;"Do, 20. März 2014"
8057;"Do, 27. März 2014"
8057;"Do, 3. April 2014"
8057;"Do, 10. April 2014"
8057;"Do, 17. April 2014"
8057;"Do, 24. April 2014"
8057;"Sa, 3. Mai 2014"
8057;"Do, 8. Mai 2014"
8057;"Do, 15. Mai 2014"
8057;"Do, 22. Mai 2014"
8057;"Sa, 31. Mai 2014"
8057;"Do, 5. Juni 2014"
8057;"Do, 12. Juni 2014"
8057;"Do, 19. Juni 2014"
8057;"Do, 26. Juni 2014"
8057;"Do, 3. Juli 2014"
8057;"Do, 10. Juli 2014"
8057;"Do, 17. Juli 2014"
8057;"Do, 24. Juli 2014"
8057;"Do, 31. Juli 2014"
8057;"Do, 7. August 2014"
8057;"Do, 14. August 2014"
8057;"Do, 21. August 2014"
8057;"Do, 28. August 2014"
8057;"Do, 4. September 2014"
8057;"Do, 11. September 2014"
8057;"Do, 18. September 2014"
8057;"Do, 25. September 2014"
8057;"Do, 2. Oktober 2014"
8057;"Do, 9. Oktober 2014"
8057;"Do, 16. Oktober 2014"
8057;"Do, 23. Oktober 2014"
8057;"Do, 30. Oktober 2014"
8057;"Do, 6. November 2014"
8057;"Do, 13. November 2014"
8057;"Do, 20. November 2014"
8057;"Do, 27. November 2014"
8057;"Do, 4. Dezember 2014"
8057;"Do, 11. Dezember 2014"
8057;"Do, 18. Dezember 2014"
8057;"Sa, 27. Dezember 2014"
8064;"Di, 7. Januar 2014"
8064;"Di, 14. Januar 2014"
8064;"Di, 21. Januar 2014"
8064;"Di, 28. Januar 2014"
8064;"Di, 4. Februar 2014"
8064;"Di, 11. Februar 2014"
8064;"Di, 18. Februar 2014"
8064;"Di, 25. Februar 2014"
8064;"Di, 4. März 2014"
8064;"Di, 11. März 2014"
8064;"Di, 18. März 2014"
8064;"Di, 25. März 2014"
8064;"Di, 1. April 2014"
8064;"Di, 8. April 2014"
8064;"Di, 15. April 2014"
8064;"Di, 22. April 2014"
8064;"Di, 29. April 2014"
8064;"Di, 6. Mai 2014"
8064;"Di, 13. Mai 2014"
8064;"Di, 20. Mai 2014"
8064;"Di, 27. Mai 2014"
8064;"Di, 3. Juni 2014"
8064;"Di, 10. Juni 2014"
8064;"Di, 17. Juni 2014"
8064;"Di, 24. Juni 2014"
8064;"Di, 1. Juli 2014"
8064;"Di, 8. Juli 2014"
8064;"Di, 15. Juli 2014"
8064;"Di, 22. Juli 2014"
8064;"Di, 29. Juli 2014"
8064;"Di, 5. August 2014"
8064;"Di, 12. August 2014"
8064;"Di, 19. August 2014"
8064;"Di, 26. August 2014"
8064;"Di, 2. September 2014"
8064;"Di, 9. September 2014"
8064;"Di, 16. September 2014"
8064;"Di, 23. September 2014"
8064;"Di, 30. September 2014"
8064;"Di, 7. Oktober 2014"
8064;"Di, 14. Oktober 2014"
8064;"Di, 21. Oktober 2014"
8064;"Di, 28. Oktober 2014"
8064;"Di, 4. November 2014"
8064;"Di, 11. November 2014"
8064;"Di, 18. November 2014"
8064;"Di, 25. November 2014"
8064;"Di, 2. Dezember 2014"
8064;"Di, 9. Dezember 2014"
8064;"Di, 16. Dezember 2014"
8064;"Di, 23. Dezember 2014"
8064;"Di, 30. Dezember 2014"
